rank,title,ratings,rating_num,meta
1,肖申克的救赎,9.6,841247,导演: 弗兰克·德拉邦特 Frank Darabont   主演: 蒂姆·罗宾斯 Tim Robbins /.../1994 / 美国 / 犯罪 剧情
2,霸王别姬,9.5,602378,导演: 陈凯歌 Kaige Chen   主演: 张国荣 Leslie Cheung / 张丰毅 Fengyi Zha.../1993 / 中国大陆 香港 / 剧情 爱情 同性
3,这个杀手不太冷,9.4,806873,导演: 吕克·贝松 Luc Besson   主演: 让·雷诺 Jean Reno / 娜塔莉·波特曼 .../1994 / 法国 / 剧情 动作 犯罪
4,阿甘正传,9.4,690148,导演: Robert Zemeckis   主演: Tom Hanks / Robin Wright Penn / Gary Sinise/1994 / 美国 / 剧情 爱情
5,美丽人生,9.5,401850,导演: 罗伯托·贝尼尼 Roberto Benigni   主演: 罗伯托·贝尼尼 Roberto Beni.../1997 / 意大利 / 剧情 喜剧 爱情 战争
6,千与千寻,9.2,641910,导演: 宫崎骏 Hayao Miyazaki   主演: 柊瑠美 Rumi Hîragi / 入野自由 Miy.../2001 / 日本 / 剧情 动画 奇幻
7,辛德勒的名单,9.4,371430,导演: 史蒂文·斯皮尔伯格 Steven Spielberg   主演: 连姆·尼森 Liam Neeson.../1993 / 美国 / 剧情 历史 战争
8,泰坦尼克号,9.2,634793,导演: 詹姆斯·卡梅隆 James Cameron   主演: 莱昂纳多·迪卡普里奥 Leonardo.../1997 / 美国 / 剧情 爱情 灾难
9,盗梦空间,9.2,742434,导演: 克里斯托弗·诺兰 Christopher Nolan   主演: 莱昂纳多·迪卡普里奥 Le.../2010 / 美国 英国 / 剧情 动作 科幻 悬疑 冒险
10,机器人总动员,9.3,487303,导演: 安德鲁·斯坦顿 Andrew Stanton   主演: 本·贝尔特 Ben Burtt / 艾丽.../2008 / 美国 / 喜剧 爱情 科幻 动画 冒险
11,海上钢琴师,9.2,586147,导演: 朱塞佩·托纳多雷 Giuseppe Tornatore   主演: 蒂姆·罗斯 Tim Roth / .../1998 / 意大利 / 剧情 音乐
12,三傻大闹宝莱坞,9.1,654128,导演: 拉库马·希拉尼 Rajkumar Hirani   主演: 阿米尔·汗 Aamir Khan / 卡.../2009 / 印度 / 剧情 喜剧 爱情 歌舞
13,忠犬八公的故事,9.2,439534,导演: 莱塞·霍尔斯道姆 Lasse Hallström   主演: 理查·基尔 Richard Ger.../2009 / 美国 英国 / 剧情
14,放牛班的春天,9.2,439626,导演: 克里斯托夫·巴拉蒂 Christophe Barratier   主演: 杰拉尔·朱诺 Géra.../2004 / 法国 瑞士 德国 / 剧情 音乐
15,大话西游之大圣娶亲,9.2,473474,导演: 刘镇伟 Jeffrey Lau   主演: 周星驰 Stephen Chow / 吴孟达 Man Tat Ng.../1995 / 香港 中国大陆 / 动作 冒险 喜剧 奇幻 爱情
16,教父,9.2,334834,导演: 弗朗西斯·福特·科波拉 Francis Ford Coppola   主演: 马龙·白兰度 M.../1972 / 美国 / 剧情 犯罪
17,龙猫,9.1,407049,导演: 宫崎骏 Hayao Miyazaki   主演: 日高法子 Noriko Hidaka / 坂本千夏 Ch.../1988 / 日本 / 动画 奇幻
18,楚门的世界,9.0,438386,导演: 彼得·威尔 Peter Weir   主演: 金·凯瑞 Jim Carrey / 劳拉·琳妮 Lau.../1998 / 美国 / 剧情 科幻
19,乱世佳人,9.2,264905,导演: 维克多·弗莱明 Victor Fleming / 乔治·库克 George Cukor   主演: 克.../1940 / 美国 / 剧情 爱情 战争
20,天堂电影院,9.1,303036,导演: 朱塞佩·托纳多雷 Giuseppe Tornatore   主演: 安东娜拉·塔莉 Antonel.../1988 / 意大利 法国 / 剧情 爱情
21,当幸福来敲门,8.9,525539,导演: 加布里尔·穆奇诺 Gabriele Muccino   主演: 威尔·史密斯 Will Smith .../2006 / 美国 / 剧情 传记 家庭
22,触不可及,9.1,356696,导演: 奥利维·那卡什 Olivier Nakache / 艾力克·托兰达 Eric Toledano   主.../2011 / 法国 / 剧情 喜剧
23,搏击俱乐部,9.0,396631,导演: 大卫·芬奇 David Fincher   主演: 爱德华·诺顿 Edward Norton / 布拉.../1999 / 美国 德国 / 剧情 动作 悬疑 惊悚
24,熔炉,9.2,239383,导演: 黄东赫 Dong-hyuk Hwang   主演: 孔侑 Yoo Gong / 郑有美 Yu-mi Jeong .../2011 / 韩国 / 剧情
25,无间道,9.0,386117,导演: 刘伟强 / 麦兆辉   主演: 刘德华 / 梁朝伟 / 黄秋生/2002 / 香港 / 剧情 犯罪 悬疑
26,十二怒汉,9.4,166079,导演: Sidney Lumet   主演: 亨利·方达 Henry Fonda / 马丁·鲍尔萨姆 Marti.../1957 / 美国 / 剧情
27,怦然心动,8.9,526682,导演: 罗伯·莱纳 Rob Reiner   主演: 玛德琳·卡罗尔 Madeline Carroll / 卡.../2010 / 美国 / 剧情 喜剧 爱情
28,指环王3：王者无敌,9.1,278288,导演: 彼得·杰克逊 Peter Jackson   主演: 维果·莫腾森 Viggo Mortensen / .../2003 / 美国 新西兰 / 剧情 动作 奇幻 冒险
29,天空之城,9.0,323100,导演: 宫崎骏 Hayao Miyazaki   主演: 田中真弓 Mayumi Tanaka / 横泽启子 Ke.../1986 / 日本 / 动画 奇幻 冒险
30,少年派的奇幻漂流,9.0,565021,导演: 李安 Ang Lee   主演: 苏拉·沙玛 Suraj Sharma / 拉菲·斯波 Rafe Spa.../2012 / 美国 台湾 英国 加拿大 / 剧情 奇幻 冒险
31,罗马假日,8.9,376337,导演: 威廉·惠勒 William Wyler   主演: 奥黛丽·赫本 Audrey Hepburn / 格.../1953 / 美国 / 喜剧 剧情 爱情
32,星际穿越,9.1,466811,导演: 克里斯托弗·诺兰 Christopher Nolan   主演: 马修·麦康纳 Matthew Mc.../2014 / 美国 英国 加拿大 / 剧情 科幻 悬疑 冒险 家庭
33,鬼子来了,9.1,220115,导演: 姜文 Wen Jiang   主演: 姜文 Wen Jiang / 香川照之 Teruyuki Kagawa /.../2000 / 中国大陆 / 剧情 战争
34,大话西游之月光宝盒,8.9,383826,导演: 刘镇伟 Jeffrey Lau   主演: 周星驰 Stephen Chow / 吴孟达 Man Tat Ng.../1995 / 香港 中国大陆 / 喜剧 动作 爱情 奇幻 冒险 古装
35,蝙蝠侠：黑暗骑士,9.0,307355,导演: 克里斯托弗·诺兰 Christopher Nolan   主演: 克里斯蒂安·贝尔 Christ.../2008 / 美国 英国 / 剧情 动作 科幻 犯罪 惊悚
36,两杆大烟枪,9.0,267027,导演: Guy Ritchie   主演: Jason Flemyng / Dexter Fletcher / Nick Moran/1998 / 英国 / 剧情 喜剧 犯罪
37,活着,9.0,255977,导演: 张艺谋 Yimou Zhang   主演: 葛优 You Ge / 巩俐 Li Gong / 姜武 Wu Jiang/1994 / 中国大陆 香港 / 剧情 家庭
38,飞屋环游记,8.9,485448,导演: 彼特·道格特 Pete Docter   主演: 爱德华·阿斯纳 Edward Asner / 克.../2009 / 美国 / 剧情 喜剧 动画 奇幻 冒险
39,窃听风暴,9.1,214840,导演: 弗洛里安·亨克尔·冯·多纳斯马 Florian Henckel von Donnersmarck   .../2006 / 德国 / 剧情 悬疑
40,飞越疯人院,9.0,270776,导演: 米洛斯·福尔曼 Miloš Forman   主演: 杰克·尼科尔森 Jack Nichols.../1975 / 美国 / 剧情
41,海豚湾,9.3,177858,导演: Louie Psihoyos   主演: John Chisholm / Mandy-Rae Cruikshank / Char.../2009 / 美国 / 纪录片
42,闻香识女人,8.9,311943,导演: 马丁·布莱斯 Martin Brest   主演: 阿尔·帕西诺 Al Pacino / 克里斯.../1992 / 美国 / 剧情
43,V字仇杀队,8.8,400362,导演: 詹姆斯·麦克特格 James McTeigue   主演: 娜塔莉·波特曼 Natalie Por.../2005 / 美国 英国 德国 / 剧情 动作 科幻 惊悚
44,哈尔的移动城堡,8.8,335546,导演: 宫崎骏 Hayao Miyazaki   主演: 倍赏千惠子 Chieko Baishô / 木村拓.../2004 / 日本 / 爱情 动画 奇幻 冒险
45,教父2,9.1,180387,导演: 弗朗西斯·福特·科波拉 Francis Ford Coppola   主演: 阿尔·帕西诺 A.../1974 / 美国 / 剧情 犯罪
46,美丽心灵,8.9,295813,导演: 朗·霍华德 Ron Howard   主演: 罗素·克劳 Russell Crowe / 詹妮弗·.../2001 / 美国 / 传记 剧情
47,指环王2：双塔奇兵,8.9,262712,导演: 彼得·杰克逊 Peter Jackson   主演: 伊利亚·伍德 Elijah Wood / 西恩.../2002 / 美国 新西兰 / 剧情 动作 奇幻 冒险
48,指环王1：魔戒再现,8.9,293232,导演: 彼得·杰克逊 Peter Jackson   主演: 伊利亚·伍德 Elijah Wood / 西恩.../2001 / 新西兰 美国 / 剧情 动作 奇幻 冒险
49,死亡诗社,8.9,266861,导演: 彼得·威尔 Peter Weir   主演: 罗宾·威廉姆斯 Robin Williams / 罗伯.../1989 / 美国 / 剧情
50,情书,8.8,361301,导演: 岩井俊二 Shunji Iwai   主演: 中山美穗 Miho Nakayama / 丰川悦司 Ets.../1995 / 日本 / 剧情 爱情
51,天使爱美丽,8.7,468122,导演: 让-皮埃尔·热内 Jean-Pierre Jeunet   主演: 奥黛丽·塔图 Audrey Tau.../2001 / 法国 德国 / 喜剧 爱情
52,美国往事,9.1,168403,导演: 赛尔乔·莱翁内 Sergio Leone   主演: 罗伯特·德尼罗 Robert De Niro .../1984 / 意大利 美国 / 犯罪 剧情
53,七宗罪,8.7,422271,导演: 大卫·芬奇 David Fincher   主演: 摩根·弗里曼 Morgan Freeman / 布.../1995 / 美国 / 剧情 犯罪 悬疑 惊悚
54,控方证人,9.6,78279,导演: 比利·怀尔德 Billy Wilder   主演: 查尔斯·劳顿 Charles Laughton / .../1957 / 美国 / 剧情 犯罪 悬疑
55,钢琴家,9.0,196381,导演: 罗曼·波兰斯基 Roman Polanski   主演: 艾德里安·布洛迪 Adrien Brod.../2002 / 法国 德国 英国 波兰 / 剧情 传记 历史 战争
56,狮子王,8.9,271510,导演: Roger Allers / 罗伯·明可夫 Rob Minkoff   主演: 乔纳森·泰勒·托马.../1994 / 美国 / 剧情 动画 冒险 歌舞 家庭
57,辩护人,9.1,189054,导演: 杨宇硕 Woo-seok Yang   主演: 宋康昊 Kang-ho Song / 吴达洙 Dal-su O.../2013 / 韩国 / 剧情
58,被嫌弃的松子的一生,8.9,267634,导演: 中岛哲也 Tetsuya Nakashima   主演: 中谷美纪 Miki Nakatani / 瑛太 E.../2006 / 日本 / 剧情 歌舞
59,饮食男女,9.0,184806,导演: 李安 Ang Lee   主演: 吴倩莲 Chien-lien Wu / 杨贵媚 Kuei-Mei Yang /.../1994 / 台湾 美国 / 剧情 家庭
60,致命魔术,8.8,327393,导演: 克里斯托弗·诺兰 Christopher Nolan   主演: 克里斯蒂安·贝尔 Christ.../2006 / 美国 英国 / 剧情 悬疑 惊悚
61,勇敢的心,8.8,287778,导演: 梅尔·吉布森 Mel Gibson   主演: 梅尔·吉布森 Mel Gibson / 苏菲·玛.../1995 / 美国 / 动作 传记 剧情 历史 战争
62,剪刀手爱德华,8.7,467861,导演: Tim Burton   主演: 约翰尼·德普 Johnny Depp / 薇诺娜·瑞德 Winona .../1990 / 美国 / 剧情 奇幻 爱情
63,小鞋子,9.2,130621,导演: 马基德·马基迪 Majid Majidi   主演: Amir Farrokh Hashemian / 默罕.../1997 / 伊朗 / 剧情 家庭 儿童
64,音乐之声,8.9,224045,导演: Robert Wise   主演: 朱丽·安德鲁斯 Julie Andrews / 克里斯托弗·普.../1965 / 美国 / 剧情 爱情 歌舞 家庭 传记
65,低俗小说,8.7,320234,导演: 昆汀·塔伦蒂诺 Quentin Tarantino   主演: 约翰·特拉沃尔塔 John Tra.../1994 / 美国 / 剧情 喜剧 犯罪
66,入殓师,8.8,309713,导演: 泷田洋二郎 Yôjirô Takita   主演: 本木雅弘 Masahiro Motoki / .../2008 / 日本 / 剧情
67,本杰明·巴顿奇事,8.7,378900,导演: 大卫·芬奇 David Fincher   主演: 凯特·布兰切特 Cate Blanchett / .../2008 / 美国 / 剧情 爱情 奇幻
68,沉默的羔羊,8.7,339012,导演: 乔纳森·戴米 Jonathan Demme   主演: 朱迪·福斯特 Jodie Foster / 安.../1991 / 美国 / 剧情 犯罪 惊悚
69,黑客帝国,8.8,268158,导演: 安迪·沃卓斯基 Andy Wachowski / 拉娜·沃卓斯基 Lana Wachowski   主.../1999 / 美国 澳大利亚 / 动作 科幻
70,蝴蝶效应,8.7,366617,导演: 埃里克·布雷斯 Eric Bress / J·麦基·格鲁伯 J. Mackye Gruber   主.../2004 / 美国 加拿大 / 剧情 悬疑 科幻 惊悚
71,拯救大兵瑞恩,8.8,225376,导演: 史蒂文·斯皮尔伯格 Steven Spielberg   主演: 汤姆·汉克斯 Tom Hanks.../1998 / 美国 / 剧情 历史 战争
72,素媛,9.1,164269,导演: 李濬益 Jun-ik Lee   主演: 薛景求 Kyung-gu Sol / 严志媛 Ji-won Uhm .../2013 / 韩国 / 剧情 家庭
73,西西里的美丽传说,8.7,329339,导演: 朱塞佩·托纳多雷 Giuseppe Tornatore   主演: 莫妮卡·贝鲁奇 Monica .../2000 / 意大利 美国 / 剧情 战争 情色
74,玛丽和马克思,8.9,226475,导演: Adam Elliot   主演: 托妮·科莱特 Toni Collette / 菲利普·塞默·霍.../2009 / 澳大利亚 / 剧情 爱情 动画
75,心灵捕手,8.7,258199,导演: 格斯·范·桑特 Gus Van Sant   主演: 马特·达蒙 Matt Damon / 罗宾·.../1997 / 美国 / 剧情
76,幽灵公主,8.8,224481,导演: 宫崎骏   主演: 松田洋治 / 石田百合子 / 田中裕子/1997 / 日本 / 动画 冒险 奇幻
77,第六感,8.8,223806,导演: M·奈特·沙马兰 M. Night Shyamalan   主演: 布鲁斯·威利斯 Bruce Wi.../1999 / 美国 / 剧情 悬疑 恐怖
78,春光乍泄,8.8,232026,导演: 王家卫   主演: 张国荣 / 梁朝伟 / 张震/1997 / 香港 日本 韩国 / 剧情 爱情 同性
79,阳光灿烂的日子,8.7,258478,导演: 姜文 Wen Jiang   主演: 夏雨 Yu Xia / 宁静 Jing Ning / 陶虹 Hong Tao/1994 / 中国大陆 香港 / 剧情
80,让子弹飞,8.7,597975,导演: 姜文 Wen Jiang   主演: 姜文 Wen Jiang / 葛优 You Ge / 周润发 Yun-F.../2010 / 中国大陆 香港 / 剧情 喜剧 动作 西部
81,大闹天宫,9.2,92279,导演: 万籁鸣 Laiming Wan / 唐澄 Cheng  Tang   主演: 邱岳峰 Yuefeng Qiu /.../1961 / 1964 / 1978 / 2004 / 中国大陆 / 动画 奇幻
82,大鱼,8.7,241001,导演: 蒂姆·波顿 Tim Burton   主演: 伊万·麦克格雷格 Ewan McGregor / 阿.../2003 / 美国 / 剧情 家庭 奇幻 冒险
83,疯狂动物城,9.2,465640,导演: 拜伦·霍华德 Byron Howard / 瑞奇·摩尔 Rich Moore   主演: 金妮弗·.../2016 / 美国 / 喜剧 动作 动画 冒险
84,射雕英雄传之东成西就,8.7,263018,导演: 刘镇伟 Jeffrey Lau   主演: 梁朝伟 Tony Leung Chiu Wai / 林青霞 Bri.../1993 / 香港 / 喜剧 古装
85,重庆森林,8.6,311633,导演: 王家卫 Kar Wai Wong   主演: 林青霞 Brigitte Lin / 金城武 Takeshi K.../1994 / 香港 / 剧情 爱情
86,阳光姐妹淘,8.8,255890,导演: 姜炯哲 Hyeong-Cheol Kang   主演: 沈恩京 Eun-kyung Shim / 闵孝琳 Hy.../2011 / 韩国 / 剧情 喜剧
87,上帝之城,8.9,152216,导演: Kátia Lund / Fernando Meirelles   主演: Alexandre Rodrigues / Lea.../2002 / 巴西 法国 / 犯罪 剧情
88,禁闭岛,8.6,340381,导演: Martin Scorsese   主演: 莱昂纳多·迪卡普里奥 Leonardo DiCaprio / .../2010 / 美国 / 剧情 悬疑 惊悚
89,甜蜜蜜,8.7,223017,导演: 陈可辛 Peter Chan   主演: 黎明 Leon Lai / 张曼玉 Maggie Cheung / .../1996 / 香港 / 剧情 爱情
90,致命ID,8.6,301650,导演: James Mangold   主演: John Cusack / Ray Liotta / Amanda Peet/2003 / 美国 / 剧情 悬疑 惊悚
91,告白,8.7,324103,导演: 中岛哲也 Tetsuya Nakashima   主演: 松隆子 Takako Matsu / 冈田将生 .../2010 / 日本 / 剧情 惊悚
92,一一,8.9,147007,导演: 杨德昌   主演: 吴念真 / 李凯莉 Kelly Lee / 金燕玲 Elaine Jin/2000 / 台湾 日本 / 剧情 爱情 家庭
93,加勒比海盗,8.6,324991,导演: 戈尔·维宾斯基 Gore Verbinski   主演: 约翰尼·德普 Johnny Depp / .../2003 / 美国 / 动作 冒险 奇幻
94,狩猎,9.0,116261,导演: 托马斯·温特伯格 Thomas Vinterberg   主演: 麦斯·米科尔森 Mads Mik.../2012 / 丹麦 瑞典 / 剧情
95,布达佩斯大饭店,8.7,289163,导演: 韦斯·安德森 Wes Anderson   主演: 拉尔夫·费因斯 Ralph Fiennes / .../2014 / 美国 德国 英国 / 剧情 喜剧
96,爱在黎明破晓前,8.7,208017,导演: 理查德·林克莱特 Richard Linklater   主演: 伊桑·霍克 Ethan Hawke .../1995 / 美国 奥地利 瑞士 / 剧情 爱情
97,断背山,8.6,303154,导演: 李安 Ang Lee   主演: 希斯·莱杰 Heath Ledger / 杰克·吉伦哈尔 Jake.../2005 / 美国 加拿大 / 剧情 爱情 同性 家庭
98,阿凡达,8.6,505876,导演: 詹姆斯·卡梅隆 James Cameron   主演: 萨姆·沃辛顿 Sam Worthington .../2009 / 美国 英国 / 动作 冒险 奇幻 科幻
99,风之谷,8.8,167489,导演: 宫崎骏 Hayao Miyazaki   主演: 岛本须美 Sumi Shimamoto / 松田洋治 Y.../1984 / 日本 / 科幻 动画 奇幻 冒险
100,摩登时代,9.2,81972,导演: 查理·卓别林 Charles Chaplin   主演: 查理·卓别林 Charles Chaplin .../1936 / 美国 / 喜剧 剧情 爱情
101,末代皇帝,8.8,151959,导演: 贝纳尔多·贝托鲁奇 Bernardo Bertolucci   主演: 尊龙 John Lone / 陈.../1987 / 意大利 中国大陆 英国 法国 / 剧情 传记 历史
102,猫鼠游戏,8.7,206868,导演: 史蒂文·斯皮尔伯格 Steven Spielberg   主演: 莱昂纳多·迪卡普里奥 L.../2002 / 美国 加拿大 / 传记 犯罪 剧情
103,爱在日落黄昏时,8.7,188917,导演: 理查德·林克莱特 Richard Linklater   主演: 伊桑·霍克 Ethan Hawke .../2004 / 美国 / 剧情 爱情
104,萤火虫之墓,8.7,194391,导演: 高畑勋 Isao Takahata   主演: 辰己努 / 白石绫乃 / 志乃原良子/1988 / 日本 / 动画 剧情 战争
105,侧耳倾听,8.8,158371,导演: 近藤喜文 Yoshifumi Kondo   主演: 本名阳子 Youko Honna / 小林桂树 K.../1995 / 日本 / 剧情 爱情 动画 音乐
106,哈利·波特与魔法石,8.6,234253,导演: Chris Columbus   主演: Daniel Radcliffe / Emma Watson / Rupert Grint/2001 / 美国 英国 / 奇幻 冒险
107,驯龙高手,8.7,270242,导演: 迪恩·德布洛斯 Dean DeBlois / 克里斯·桑德斯 Chris Sanders   主演:.../2010 / 美国 / 喜剧 动画 奇幻 冒险 家庭
108,超脱,8.7,162419,导演: 托尼·凯耶 Tony Kaye   主演: 艾德里安·布洛迪 Adrien Brody / 克里.../2011 / 美国 / 剧情
109,穿条纹睡衣的男孩,8.8,130789,导演: 马克·赫门 Mark Herman   主演: 阿沙·巴特菲尔德 Asa Butterfield / .../2008 / 英国 美国 / 剧情 战争
110,海洋,9.0,95852,导演: 雅克·贝汉 Jacques Perrin / 雅克·克鲁奥德 Jacques Cluzaud   主演:.../2009 / 法国 瑞士 西班牙 美国 阿联酋 / 纪录片
111,幸福终点站,8.6,215806,导演: 史蒂文·斯皮尔伯格 Steven Spielberg   主演: 汤姆·汉克斯 Tom Hanks.../2004 / 美国 / 喜剧 剧情 爱情
112,消失的爱人,8.7,329330,导演: 大卫·芬奇 David Fincher   主演: 本·阿弗莱克 Ben Affleck / 罗莎蒙.../2014 / 美国 / 剧情 犯罪 悬疑 惊悚
113,菊次郎的夏天,8.7,169229,导演: 北野武 Takeshi Kitano   主演: 北野武 Takeshi Kitano / 关口雄介 Yus.../1999 / 日本 / 剧情 喜剧
114,倩女幽魂,8.6,232289,导演: 程小东 Siu-Tung Ching   主演: 张国荣 Leslie Cheung / 王祖贤 Joey W.../1987 / 香港 / 剧情 爱情 武侠 古装
115,燃情岁月,8.8,143642,导演: 爱德华·兹威克 Edward Zwick   主演: 安东尼·霍普金斯 Anthony Hopki.../1994 / 美国 / 剧情 爱情 西部 家庭
116,神偷奶爸,8.5,350750,导演: 皮艾尔·柯芬 Pierre Coffin / 克里斯·雷纳德 Chris Renaud   主演: .../2010 / 美国 / 儿童 喜剧 动画
117,电锯惊魂,8.7,188953,导演: 詹姆斯·温 James Wan   主演: 雷·沃纳尔 Leigh Whannell / 加利·艾.../2004 / 美国 澳大利亚 / 犯罪 悬疑 惊悚
118,七武士,9.2,72052,导演: 黑泽明 Akira Kurosawa   主演: 三船敏郎 Toshirô Mifune / 志村乔 .../1954 / 日本 / 动作 冒险 剧情
119,谍影重重3,8.7,171623,导演: 保罗·格林格拉斯 Paul Greengrass   主演: 马特·达蒙 Matt Damon / .../2007 / 美国 德国 / 动作 悬疑 惊悚
120,岁月神偷,8.6,293228,导演: 罗启锐 Alex Law   主演: 吴君如 Sandra Ng / 任达华 Simon Yam / 钟绍.../2010 / 香港 中国大陆 / 剧情 家庭
121,借东西的小人阿莉埃蒂,8.7,204403,导演: 米林宏昌 Hiromasa Yonebayashi   主演: 志田未来 Mirai Shida / 神木.../2010 / 日本 / 动画 奇幻 冒险
122,恐怖直播,8.7,199639,导演: 金秉祐 Byeong-woo Kim   主演: 河正宇 Jung-woo Ha / 李璟荣 Kyeong-y.../2013 / 韩国 / 剧情 犯罪 悬疑
123,真爱至上,8.5,295070,导演: 理查德·柯蒂斯 Richard Curtis   主演: 休·格兰特 Hugh Grant / 柯林.../2003 / 英国 美国 法国 / 喜剧 剧情 爱情
124,雨人,8.6,200687,导演: 巴瑞·莱文森 Barry Levinson   主演: 达斯汀·霍夫曼 Dustin Hoffman .../1988 / 美国 / 剧情
125,贫民窟的百万富翁,8.5,379930,导演: 丹尼·鲍尔 Danny Boyle / 洛芙琳·坦丹 Loveleen Tandan   主演: 戴夫.../2008 / 英国 美国 / 剧情 爱情
126,虎口脱险,8.9,102303,导演: 杰拉尔·乌里 Gérard Oury   主演: 路易·德·菲耐斯 Louis de Funès.../1966 / 法国 英国 / 喜剧 战争
127,东邪西毒,8.6,236500,导演: 王家卫 Kar Wai Wong   主演: 张国荣 Leslie Cheung / 张曼玉 Maggie C.../1994 / 香港 台湾 / 剧情 动作 爱情 武侠 古装
128,记忆碎片,8.5,262390,导演: 克里斯托弗·诺兰 Christopher Nolan   主演: 盖·皮尔斯 Guy Pearce /.../2000 / 美国 / 犯罪 剧情 悬疑 惊悚
129,杀人回忆,8.6,195106,导演: 奉俊昊 Joon-ho Bong   主演: 宋康昊 Kang-ho Song / 金相庆 Sang-kyun.../2003 / 韩国 / 犯罪 剧情 悬疑 惊悚
130,红辣椒,8.8,119705,导演: 今敏 Satoshi Kon   主演: 林原惠美 Megumi Hayashibara / 古谷彻 T.../2006 / 日本 / 动画 悬疑 科幻 惊悚
131,疯狂原始人,8.7,352111,导演: 科克·德·米科 Kirk De Micco / 克里斯·桑德斯 Chris Sanders   主演.../2013 / 美国 / 喜剧 动画 冒险
132,怪兽电力公司,8.6,224429,导演: 彼特·道格特 Pete Docter / 大卫·斯沃曼 David Silverman   主演: 约.../2001 / 美国 / 喜剧 动画 儿童 奇幻
133,卢旺达饭店,8.8,111602,导演: 特瑞·乔治 Terry George   主演: 唐·钱德尔 Don Cheadle / 苏菲·奥.../2004 / 英国 南非 意大利 美国 / 剧情 历史 战争
134,黑天鹅,8.5,395105,导演: 达伦·阿罗诺夫斯基 Darren Aronofsky   主演: 娜塔丽·波曼 Natalie P.../2010 / 美国 / 剧情 惊悚
135,穿越时空的少女,8.6,175718,导演: 细田守 Mamoru Hosoda   主演: 仲里依纱 Riisa Naka / 石田卓也 Takuya.../2006 / 日本 / 剧情 爱情 科幻 动画
136,魂断蓝桥,8.8,123620,导演: Mervyn LeRoy   主演: Vivien Leigh / Robert Taylor / Lucile Watson/1940 / 美国 / 剧情 战争 爱情
137,猜火车,8.5,236710,导演: 丹尼·博伊尔 Danny Boyle   主演: 伊万·麦克格雷格 Ewan McGregor / .../1996 / 英国 / 犯罪 剧情
138,恋恋笔记本,8.5,264339,导演: 尼克·卡索维茨 Nick Cassavetes   主演: 瑞恩·高斯林 Ryan Gosling /.../2004 / 美国 / 剧情 爱情
139,喜宴,8.8,128472,导演: 李安   主演: 赵文瑄 / 归亚蕾 / 金素梅/1993 / 台湾 美国 / 剧情 喜剧 爱情 同性 家庭
140,小森林 夏秋篇,8.9,114870,导演: 森淳一 Junichi Mori   主演: 桥本爱 Ai Hashimoto / 三浦贵大 Takahir.../2014 / 日本 / 剧情
141,英雄本色,8.7,138891,导演: 吴宇森 John Woo   主演: 周润发 Yun-Fat Chow / 狄龙 Lung Ti / 张国.../1986 / 香港 / 动作 犯罪
142,雨中曲,8.9,88549,导演: Stanley Donen / Gene Kelly   主演: Gene Kelly / Donald O'Connor / .../1952 / 美国 / 喜剧 歌舞 爱情
143,喜剧之王,8.5,286071,导演: 周星驰 Stephen Chow / 李力持 Lik-Chi Lee   主演: 周星驰 Stephen Ch.../1999 / 香港 / 喜剧 剧情 爱情
144,傲慢与偏见,8.4,282946,导演: 乔·怀特 Joe Wright   主演: 凯拉·奈特莉 Keira Knightley / 马修·.../2005 / 法国 英国 美国 / 剧情 爱情
145,教父3,8.7,121353,导演: 弗朗西斯·福特·科波拉 Francis Ford Coppola   主演: 阿尔·帕西诺 A.../1990 / 美国 / 剧情 犯罪
146,完美的世界,9.0,74032,导演: 克林特·伊斯特伍德 Clint Eastwood   主演: 凯文·科斯特纳 Kevin Cos.../1993 / 美国 / 剧情 犯罪
147,纵横四海,8.7,133004,导演: 吴宇森 John Woo   主演: 周润发 Yun-Fat Chow / 张国荣 Leslie Cheung.../1991 / 香港 / 剧情 喜剧 动作 犯罪
148,萤火之森,8.7,143942,导演: 大森贵弘 Takahiro Omori   主演: 佐仓绫音 Ayane Sakura / 内山昂辉 K.../2011 / 日本 / 剧情 爱情 动画 奇幻
149,玩具总动员3,8.7,183114,导演: 李·昂克里奇 Lee Unkrich   主演: 汤姆·汉克斯 Tom Hanks / 蒂姆·艾.../2010 / 美国 / 喜剧 动画 奇幻 冒险
150,人工智能,8.6,179506,导演: 史蒂文·斯皮尔伯格 Steven Spielberg   主演: 海利·乔·奥斯蒙 Haley.../2001 / 美国 / 冒险 剧情 科幻
151,我是山姆,8.8,95329,导演: 杰茜·尼尔森 Jessie Nelson   主演: Sean Penn / Dakota Fanning / Mi.../2001 / 美国 / 剧情 家庭
152,浪潮,8.7,122763,导演: 丹尼斯·甘塞尔 Dennis Gansel   主演: 尤尔根·沃格尔 Jürgen Vogel .../2008 / 德国 / 剧情 惊悚
153,香水,8.4,260278,导演: 汤姆·提克威 Tom Tykwer   主演: 本·卫肖 Ben Whishaw / 艾伦·瑞克.../2006 / 德国 法国 西班牙 美国 / 剧情 犯罪 奇幻
154,7号房的礼物,8.7,158846,导演: 李焕庆 Hwan-kyeong Lee   主演: 柳承龙 Seung-yong Ryoo / 朴信惠 Shi.../2013 / 韩国 / 剧情 喜剧 家庭
155,冰川时代,8.4,254356,导演: 卡洛斯·沙尔丹哈 Carlos Saldanha / 克里斯·韦奇 Chris Wedge   主演.../2002 / 美国 / 喜剧 动画 冒险
156,哈利·波特与死亡圣器(下),8.6,256385,导演: 大卫·叶茨 David Yates   主演: 丹尼尔·雷德克里夫 Daniel Radcliffe.../2011 / 美国 英国 / 剧情 悬疑 奇幻 冒险
157,花样年华,8.5,229087,导演: 王家卫 Kar Wai Wong   主演: 梁朝伟 Tony Leung Chiu Wai / 张曼玉 Ma.../2000 / 香港 法国 / 剧情 爱情
158,撞车,8.6,165554,导演: 保罗·哈吉斯 Paul Haggis   主演: 桑德拉·布洛克 Sandra Bullock / .../2004 / 美国 德国 / 犯罪 剧情
159,追随,8.9,74668,导演: 克里斯托弗·诺兰 Christopher Nolan   主演: 杰里米·西奥伯德 Jeremy.../1998 / 英国 / 犯罪 悬疑 惊悚
160,朗读者,8.5,265849,导演: 史蒂芬·戴德利 Stephen Daldry   主演: 凯特·温丝莱特 Kate Winslet .../2008 / 美国 德国 / 剧情 爱情
161,一次别离,8.7,124106,导演: 阿斯哈·法哈蒂  Asghar Farhadi   主演: 佩曼·莫阿迪 Peyman Moadi /.../2011 / 伊朗 法国 / 剧情 家庭
162,罗生门,8.7,114714,导演: 黑泽明 Akira Kurosawa   主演: 三船敏郎 Toshirô Mifune / 千秋实 .../1950 / 日本 / 犯罪 剧情 悬疑
163,荒蛮故事,8.7,117739,导演: 达米安·斯兹弗隆 Damián Szifron   主演: 达里奥·葛兰帝内提 Darío.../2014 / 阿根廷 西班牙 / 剧情 喜剧 犯罪
164,碧海蓝天,8.7,103999,导演: Luc Besson   主演: Jean-Marc Barr / Jean Reno / Rosanna Arquette/1988 / 法国 美国 意大利 / 剧情 爱情
165,梦之安魂曲,8.7,104623,导演: 达伦·阿伦诺夫斯基 Darren Aronofsky   主演: 艾伦·伯斯汀 Ellen Bur.../2000 / 美国 / 剧情
166,战争之王,8.5,164624,导演: 安德鲁·尼科尔 Andrew Niccol   主演: 尼古拉斯·凯奇 Nicolas Cage /.../2005 / 美国 法国 / 剧情 犯罪
167,秒速5厘米,8.4,273350,导演: 新海诚 Makoto Shinkai   主演: 水桥研二 Kenji Mizuhashi / 近藤好美 .../2007 / 日本 / 动画 剧情 爱情
168,时空恋旅人,8.6,180567,导演: 理查德·柯蒂斯 Richard Curtis   主演: 多姆纳尔·格利森 Domhnall Gl.../2013 / 英国 / 剧情 爱情 奇幻
169,心迷宫,8.6,142413,导演: 忻钰坤 Yukun Xin   主演: 霍卫民 Weimin Huo / 王笑天 Xiaotian Wang .../2014 / 中国大陆 / 剧情 犯罪 悬疑
170,可可西里,8.6,120792,导演: 陆川 Chuan Lu   主演: 多布杰 Duobujie / 张磊 Lei Zhang / 亓亮 Qi L.../2004 / 中国大陆 香港 / 剧情 犯罪
171,唐伯虎点秋香,8.3,294588,导演: 李力持 Lik-Chi Lee   主演: 周星驰 Stephen Chow / 巩俐 Li Gong / 陈.../1993 / 香港 / 喜剧 爱情 古装
172,超能陆战队,8.6,340448,导演: 唐·霍尔 Don Hall / 克里斯·威廉姆斯 Chris Williams   主演: 斯科特.../2014 / 美国 / 喜剧 动作 科幻 动画 冒险
173,地球上的星星,8.8,77412,导演: 阿米尔·汗 Aamir Khan   主演: 达席尔·萨法瑞 Darsheel Safary / 阿.../2007 / 印度 / 剧情 儿童 家庭
174,小森林 冬春篇,8.9,98922,导演: 森淳一 Junichi Mori   主演: 桥本爱 Ai Hashimoto / 三浦贵大 Takahir.../2015 / 日本 / 剧情
175,蝙蝠侠：黑暗骑士崛起,8.5,275082,导演: 克里斯托弗·诺兰 Christopher Nolan   主演: 克里斯蒂安·贝尔 Christ.../2012 / 美国 英国 / 剧情 动作 科幻 犯罪 惊悚
176,海盗电台,8.6,158604,导演: 理查德·柯蒂斯 Richard Curtis   主演: 比尔·奈伊 Bill Nighy / 肯尼.../2009 / 英国 德国 法国 / 剧情 喜剧 音乐
177,谍影重重2,8.5,149097,导演: 保罗·格林格拉斯 Paul Greengrass   主演: 马特·达蒙 Matt Damon / .../2004 / 美国 德国 / 动作 悬疑 惊悚
178,谍影重重,8.5,180082,导演: 道格·里曼 Doug Liman   主演: 马特·达蒙 Matt Damon / 弗兰卡·波坦.../2002 / 美国 德国 捷克 / 动作 悬疑 惊悚
179,阿飞正传,8.5,166091,导演: 王家卫 Kar Wai Wong   主演: 张国荣 Leslie Cheung / 张曼玉 Maggie C.../1990 / 香港 / 犯罪 剧情 爱情
180,恐怖游轮,8.3,292452,导演: 克里斯托弗·史密斯 Christopher Smith   主演: 梅利莎·乔治 Melissa .../2009 / 英国 澳大利亚 / 剧情 悬疑 惊悚
181,达拉斯买家俱乐部,8.6,155532,导演: 让-马克·瓦雷 Jean-Marc Vallée   主演: 马修·麦康纳 Matthew McCon.../2013 / 美国 / 剧情 传记 同性
182,爆裂鼓手,8.6,217279,导演: 达米安·沙泽勒 Damien Chazelle   主演: 迈尔斯·特勒 Miles Teller /.../2014 / 美国 / 剧情 音乐
183,惊魂记,8.8,75773,导演: Alfred Hitchcock   主演: Janet Leigh / Anthony Perkins / Vera Miles/1960 / 美国 / 悬疑 恐怖
184,迁徙的鸟,9.1,49646,导演: 雅克·贝汉 Jacques Perrin / 雅克·克鲁奥德 Jacques Cluzaud   主演:.../2001 / 法国 德国 意大利 西班牙 瑞士 / 纪录片
185,未麻的部屋,8.8,84419,导演: 今敏 Satoshi Kon   主演: 岩男润子 Junko Iwao / 松本梨香 Rica Matsu.../1997 / 日本 / 动画 奇幻 惊悚
186,荒野生存,8.6,119727,导演: 西恩·潘 Sean Penn   主演: 埃米尔·赫斯基 Emile Hirsch / 马西娅·.../2007 / 美国 / 冒险 传记 剧情
187,勇闯夺命岛,8.5,133759,导演: 迈克尔·贝 Michael Bay   主演: 肖恩·康纳利 Sean Connery / 尼古拉.../1996 / 美国 / 动作 冒险
188,绿里奇迹,8.7,99310,导演: Frank Darabont   主演: 汤姆·汉克斯 Tom Hanks / 大卫·摩斯 David M.../1999 / 美国 / 犯罪 剧情 奇幻 悬疑
189,魔女宅急便,8.4,179232,导演: 宫崎骏 Hayao Miyazaki   主演: 高山南 / 佐久间玲 / 山口胜平/1989 / 日本 / 动画 奇幻 冒险
190,再次出发之纽约遇见你,8.5,152072,导演: 约翰·卡尼 John Carney   主演: 凯拉·奈特莉 Keira Knightley / 马克.../2013 / 美国 / 喜剧 爱情 音乐
191,东京物语,9.2,46502,导演: 小津安二郎 Yasujirô Ozu   主演: 笠智众 Chishû Ryû / 原节.../1953 / 日本 / 剧情 家庭
192,牯岭街少年杀人事件,8.7,96558,导演: 杨德昌 Edward Yang   主演: 张震 Chen Chang / 杨静怡 Lisa Yang / 张.../1991 / 台湾 / 剧情 犯罪
193,卡萨布兰卡,8.6,116750,导演: Michael Curtiz   主演: 亨弗莱·鲍嘉 Humphrey Bogart / 英格丽·褒曼.../1942 / 美国 / 剧情 爱情 战争
194,燕尾蝶,8.6,103286,导演: 岩井俊二 Shunji Iwai   主演: 三上博史 / 恰拉 / 伊藤步/1996 / 日本 / 犯罪 剧情
195,被解救的姜戈,8.5,243178,导演: 昆汀·塔伦蒂诺 Quentin Tarantino   主演: 杰米·福克斯 Jamie Foxx /.../2012 / 美国 / 剧情 动作 西部 冒险
196,末路狂花,8.7,96880,导演: 雷德利·斯科特 Ridley Scott   主演: 吉娜·戴维斯 Geena Davis / 苏.../1991 / 美国 法国 / 犯罪 剧情 惊悚
197,这个男人来自地球,8.5,163954,导演: 理查德·沙因克曼 Richard Schenkman   主演: 大卫·李·史密斯 David .../2007 / 美国 / 剧情 科幻
198,变脸,8.4,201345,导演: 吴宇森 John Woo   主演: 约翰·特拉沃尔塔 John Travolta / 尼古拉斯.../1997 / 美国 / 动作 科幻 犯罪
199,终结者2：审判日,8.5,131751,导演: 詹姆斯·卡梅隆 James Cameron   主演: 阿诺·施瓦辛格 Arnold Schwarz.../1991 / 美国 法国 / 动作 科幻
200,英国病人,8.4,165445,导演: 安东尼·明格拉 Anthony Minghella   主演: 拉尔夫·费因斯 Ralph Fien.../1996 / 美国 英国 / 爱情 剧情 战争
201,忠犬八公物语,9.0,51305,导演: Seijirô Kôyama   主演: 山本圭 Kei Yamamoto / 井川比佐志 Hisa.../1987 / 日本 / 剧情
202,E.T. 外星人,8.5,142397,导演: Steven Spielberg   主演: Henry Thomas / Dee Wallace / Robert MacNa.../1982 / 美国 / 剧情 科幻 奇幻 冒险
203,哪吒闹海,8.8,73170,导演: 严定宪 Dingxian Yan / 王树忱 Shuchen Wang   主演: 梁正晖 / 邱岳峰 .../1979 / 中国大陆 / 冒险 动画 奇幻
204,青蛇,8.4,202504,导演: 徐克 Hark Tsui   主演: 张曼玉 Maggie Cheung / 王祖贤 Joey Wang / .../1993 / 香港 / 剧情 奇幻 古装
205,叫我第一名,8.6,102174,导演: 彼得·维纳 Peter Werner   主演: 詹姆斯·沃克 James Wolk / 特里特·.../2008 / 美国 / 剧情 传记
206,发条橙,8.4,174629,导演: Stanley Kubrick   主演: Malcolm McDowell / Patrick Magee / Michael.../1971 / 英国 美国 / 犯罪 剧情 科幻
207,源代码,8.3,382768,导演: 邓肯·琼斯 Duncan Jones   主演: 杰克·吉伦哈尔 Jake Gyllenhaal / .../2011 / 美国 加拿大 / 剧情 动作 科幻 犯罪 惊悚
208,黄金三镖客,9.1,47175,导演: Sergio Leone   主演: Clint Eastwood / Eli Wallach / Lee Van Cleef/1966 / 意大利 西班牙 西德 / 冒险 西部
209,黑客帝国3：矩阵革命,8.5,143413,导演: Andy Wachowski / Larry Wachowski   主演: Keanu Reeves / Laurence F.../2003 / 美国 澳大利亚 / 动作 科幻
210,新龙门客栈,8.4,169090,导演: 李惠民 Raymond Lee   主演: 张曼玉 Maggie Cheung / 林青霞 Brigitte .../1992 / 香港 中国大陆 / 剧情 动作 武侠 古装
211,穆赫兰道,8.3,218292,导演: 大卫·林奇 David Lynch   主演: 娜奥米·沃茨 Naomi Watts / 劳拉·哈.../2001 / 法国 美国 / 剧情 悬疑 惊悚
212,美国丽人,8.4,172256,导演: 萨姆·门德斯 Sam Mendes   主演: 凯文·史佩西 Kevin Spacey / 安妮特.../1999 / 美国 / 剧情 家庭
213,非常嫌疑犯,8.6,107776,导演: 布莱恩·辛格 Bryan Singer   主演: 史蒂芬·鲍德温 Stephen Baldwin /.../1995 / 德国 美国 / 剧情 犯罪 悬疑 惊悚
214,城市之光,9.2,39248,导演: Charles Chaplin   主演: 查理·卓别林 Charles Chaplin / 弗吉尼亚·.../1931 / 美国 / 喜剧 剧情 爱情
215,无耻混蛋,8.4,208528,导演: Quentin Tarantino   主演: 布拉德·皮特 Brad Pitt / 梅拉尼·罗兰 M.../2009 / 美国 德国 / 剧情 犯罪
216,上帝也疯狂,8.6,90119,导演: Jamie Uys   主演: Marius Weyers / Sandra Prinsloo / N!xau/1980 / 博茨瓦纳 南非 / 喜剧
217,初恋这件小事,8.2,425819,导演: Puttipong Promsaka Na Sakolnakorn / Wasin pokpong   主演: 马里奥·.../2010 / 泰国 / 喜剧 爱情
218,勇士,8.9,81761,导演: 加文·欧康诺 Gavin O'Connor   主演: 汤姆·哈迪 Tom Hardy / 乔尔·.../2011 / 美国 / 剧情 运动 家庭
219,爱·回家,9.0,44250,导演: 李廷香 Jeong-hyang Lee   主演: 金艺芬 Eul-boon Kim / 俞承豪 Seung-.../2002 / 韩国 / 剧情 儿童 家庭
220,蓝色大门,8.3,259388,导演: 易智言 Chih-yen Yee   主演: 桂纶镁 Lunmei Kwai / 陈柏霖 Bo-lin Che.../2002 / 台湾 法国 / 剧情 爱情 同性
221,曾经,8.3,192728,导演: 约翰·卡尼 John Carney   主演: 格伦·汉塞德 Glen Hansard / 玛可塔.../2006 / 爱尔兰 / 剧情 音乐 爱情
222,模仿游戏,8.5,232337,导演: 莫腾·泰杜姆 Morten Tyldum   主演: 本尼迪克特·康伯巴奇 Benedict C.../2014 / 英国 美国 / 剧情 传记 战争 同性
223,无敌破坏王,8.6,172899,导演: 瑞奇·莫尔 Rich Moore   主演: 简·林奇 Jane Lynch / 约翰·C·赖利 .../2012 / 美国 / 喜剧 动画 冒险
224,大卫·戈尔的一生,8.7,81142,导演: Alan Parker   主演: 凯文·史派西 Kevin Spacey / 凯特·温丝莱特 Kat.../2003 / 美国 德国 英国 / 剧情 犯罪 悬疑
225,暖暖内含光,8.4,135121,导演: 米歇尔·冈瑞 Michel Gondry   主演: 金·凯瑞 Jim Carrey / 凯特·温.../2004 / 美国 / 剧情 爱情 奇幻
226,麦兜故事,8.5,119843,导演: 袁建滔 Toe Yuen   主演: 李晋纬 / 林海峰 Jan Lamb / 吴君如 Sandra Ng/2001 / 香港 / 剧情 喜剧 动画
227,血钻,8.5,119332,导演: Edward Zwick   主演: Leonardo DiCaprio / Jennifer Connelly / Djimo.../2006 / 美国 德国 / 剧情 惊悚 冒险
228,蝴蝶,8.6,90987,导演: 菲利普·穆伊尔 Philippe Muyl   主演: 米歇尔·塞罗 Michel Serrault .../2002 / 法国 / 剧情 儿童 喜剧
229,国王的演讲,8.3,314906,导演: 汤姆·霍珀 Tom Hooper   主演: 柯林·菲尔斯 Colin Firth / 杰弗里·.../2010 / 英国 澳大利亚 美国 / 剧情 传记 历史
230,遗愿清单,8.5,115978,导演: 罗伯·莱纳 Rob Reiner   主演: 杰克·尼科尔森 Jack Nicholson / 摩根.../2007 / 美国 / 冒险 喜剧 剧情
231,巴黎淘气帮,8.6,100006,导演: Laurent Tirard   主演: 马克西姆·戈达尔 Maxime Godart / 瓦莱丽·勒.../2009 / 法国 比利时 / 儿童 喜剧 家庭
232,与狼共舞,8.9,53151,导演: Kevin Costner   主演: Kevin Costner / Mary McDonnell / Graham Greene/1990 / 美国 / 冒险 剧情 西部
233,爱在午夜降临前,8.7,104679,导演: 理查德·林克莱特 Richard Linklater   主演: 伊桑·霍克 Ethan Hawke .../2013 / 美国 / 剧情 爱情
234,荒岛余生,8.4,122383,导演: 罗伯特·泽米吉斯 Robert Zemeckis   主演: 汤姆·汉克斯 Tom Hanks / .../2000 / 美国 / 冒险 剧情
235,枪火,8.6,90585,导演: 杜琪峰 Johnnie To   主演: 吴镇宇 Francis Ng / 任达华 Simon Yam / .../1999 / 香港 / 剧情 动作 犯罪
236,偷拐抢骗,8.5,108711,导演: 盖·里奇 Guy Ritchie   主演: 布拉德·皮特 Brad Pitt / 本尼西奥·德.../2000 / 英国 美国 / 喜剧 犯罪
237,疯狂的石头,8.2,285530,导演: 宁浩 Hao Ning   主演: 郭涛 Tao Guo / 刘桦 Hua Liu / 连晋 Teddy Lin/2006 / 中国大陆 香港 / 喜剧 犯罪
238,千钧一发,8.7,76436,导演: 安德鲁·尼科尔 Andrew Niccol   主演: 伊桑·霍克 Ethan Hawke / 乌玛.../1997 / 美国 / 剧情 科幻
239,夜访吸血鬼,8.3,186134,导演: 尼尔·乔丹 Neil Jordan   主演: 布拉德·皮特 Brad Pitt / 汤姆·克鲁.../1994 / 美国 / 剧情 奇幻 惊悚
240,月球,8.5,132638,导演: 邓肯·琼斯 Duncan Jones   主演: 山姆·洛克威尔 Sam Rockwell / 凯文.../2009 / 英国 / 剧情 科幻 悬疑
241,中央车站,8.7,72295,导演: Walter Salles   主演: Fernanda Montenegro / Marília Pêra / Viní.../1998 / 巴西 法国 / 剧情
242,爱在暹罗,8.3,209382,导演: 楚克‧萨克瑞科 Chukiat Sakveerakul   主演: 维特维斯特·海伦亚沃.../2007 / 泰国 / 剧情 爱情 同性 家庭
243,我爱你,9.0,50752,导演: 秋昌民 Chang-min Choo   主演: 宋在河 Jae-ho Song / 李顺载 Soon-jae.../2011 / 韩国 / 剧情 爱情
244,寿司之神,8.8,75438,导演: 大卫·贾柏 David Gelb   主演: 小野二郎  Jiro Ono / 小野祯一 Yoshik.../2011 / 美国 / 纪录片
245,廊桥遗梦,8.5,90805,导演: 克林特·伊斯特伍德 Clint Eastwood   主演: 克林特·伊斯特伍德 Clint.../1995 / 美国 / 剧情 爱情
246,罪恶之城,8.4,132750,导演: 弗兰克·米勒 Frank Miller / 罗伯特·罗德里格兹 Robert Rodriguez   .../2005 / 美国 / 动作 犯罪 惊悚
247,两小无猜,8.1,303077,导演: 杨·塞谬尔 Yann Samuell   主演: 吉约姆·卡内 Guillaume Canet / 玛.../2003 / 法国 比利时 / 喜剧 剧情 爱情
248,彗星来的那一夜,8.3,150852,导演: 詹姆斯·沃德·布柯特 James Ward Byrkit   主演: 艾米丽·芭尔多尼 Em.../2013 / 美国 英国 / 科幻 悬疑 惊悚
249,黑鹰坠落,8.5,101703,导演: 雷德利·斯科特 Ridley Scott   主演: 乔什·哈奈特 Josh Hartnett / .../2001 / 美国 / 动作 历史 战争
250,假如爱有天意,8.2,217287,导演: 郭在容 Jae-young Kwak   主演: 孙艺珍 Ye-jin Son / 曹承佑 Seung-woo.../2003 / 韩国 / 剧情 爱情
